                  epoch,         train/box_loss,         train/cls_loss,         train/dfl_loss,   metrics/precision(B),      metrics/recall(B),       metrics/mAP50(B),    metrics/mAP50-95(B),           val/box_loss,           val/cls_loss,           val/dfl_loss,                 lr/pg0,                 lr/pg1,                 lr/pg2
                      0,                 3.1508,                 3.4578,                 4.1847,                0.00465,                0.68396,                0.01496,                0.00677,                 2.7934,                 3.4634,                 4.1202,                0.00056,                0.00056,                0.00056
                      1,                 3.0905,                 3.3411,                 3.9978,                0.00453,                0.67793,                0.05479,                0.01887,                 2.7764,                 3.6365,                 3.9839,              0.0011174,              0.0011174,              0.0011174
                      2,                 3.0191,                  3.249,                 3.7031,                0.01845,                0.52593,                0.07855,                0.02482,                 2.8547,                 3.3285,                 3.8568,              0.0016519,              0.0016519,              0.0016519
                      3,                 2.9773,                  3.168,                 3.5504,                0.08617,                 0.2304,                 0.0439,                0.01493,                 2.7044,                 3.6296,                 3.6613,              0.0018812,              0.0018812,              0.0018812
                      4,                 2.8106,                 3.1154,                 3.3748,                0.04956,                0.43667,                 0.0496,                 0.0168,                 2.6215,                 3.0408,                 3.5789,              0.0018812,              0.0018812,              0.0018812
                      5,                 2.6421,                  2.994,                 3.1965,                0.01013,                0.39204,                0.00836,                  0.003,                 2.6976,                 8.1816,                  3.592,              0.0018416,              0.0018416,              0.0018416
                      6,                 2.6587,                 2.9962,                 3.1427,                0.04575,                0.27141,                0.02761,                0.00847,                 2.6263,                 4.0397,                 3.4435,               0.001802,               0.001802,               0.001802
                      7,                 2.5206,                 2.9611,                 3.0517,                0.06726,                0.08203,                0.04511,                0.01246,                 2.5023,                 3.3645,                  3.263,              0.0017624,              0.0017624,              0.0017624
                      8,                  2.444,                 2.7962,                 2.9689,                0.10721,                0.34017,                0.07187,                0.02342,                 2.4122,                 3.7161,                 3.1075,              0.0017228,              0.0017228,              0.0017228
                      9,                 2.3855,                 2.7752,                 2.9459,                0.28338,                0.34741,                0.22316,                0.07221,                 2.3101,                 2.9562,                 3.0221,              0.0016832,              0.0016832,              0.0016832
                     10,                 2.3213,                 2.6918,                  2.843,                0.30726,                0.34017,                0.21273,                0.06619,                 2.2945,                 2.9521,                 3.0353,              0.0016436,              0.0016436,              0.0016436
                     11,                 2.3141,                 2.6273,                 2.8033,                0.29851,                0.28951,                0.20268,                0.07109,                 2.2366,                  2.705,                 3.0097,               0.001604,               0.001604,               0.001604
                     12,                 2.1834,                 2.5777,                 2.7603,                0.18558,                0.34982,                0.12654,                0.04276,                 2.1553,                 3.2849,                 2.8292,              0.0015644,              0.0015644,              0.0015644
                     13,                 2.0988,                 2.4947,                 2.6713,                0.33913,                0.30157,                0.22812,                0.09462,                 2.2348,                 2.8212,                 3.0075,              0.0015248,              0.0015248,              0.0015248
                     14,                 2.0935,                 2.5045,                 2.6508,                0.33887,                0.33172,                0.23063,                0.09062,                 2.1042,                  2.758,                 2.7942,              0.0014852,              0.0014852,              0.0014852
                     15,                 2.0241,                 2.4104,                 2.5866,                0.24974,                0.39928,                0.20656,                0.07576,                  2.028,                 2.6386,                 2.6755,              0.0014456,              0.0014456,              0.0014456
                     16,                 2.0349,                 2.3643,                 2.5924,                0.34465,                0.39445,                0.25972,                0.09794,                 2.0676,                 2.5369,                 2.6979,               0.001406,               0.001406,               0.001406
                     17,                 1.9883,                 2.2888,                 2.5415,                0.35414,                0.39928,                 0.2958,                0.12693,                 1.9841,                 2.4719,                 2.6329,              0.0013664,              0.0013664,              0.0013664
                     18,                 1.9238,                 2.2753,                 2.4724,                0.39029,                0.32811,                0.30192,                0.12528,                 2.0047,                 2.4121,                 2.6532,              0.0013268,              0.0013268,              0.0013268
                     19,                 1.8897,                 2.1914,                 2.4105,                0.34677,                0.36791,                0.27648,                0.10075,                  2.049,                 2.5175,                 2.6429,              0.0012872,              0.0012872,              0.0012872
                     20,                 1.8315,                 2.1216,                 2.3972,                 0.4471,                 0.4029,                0.35217,                0.14122,                 1.9056,                 2.3003,                 2.5352,              0.0012476,              0.0012476,              0.0012476
                     21,                 1.8617,                 2.1472,                 2.4218,                0.40985,                0.40772,                0.34552,                0.14825,                 1.8292,                 2.1918,                 2.5038,               0.001208,               0.001208,               0.001208
                     22,                 1.8218,                 2.0938,                 2.3559,                 0.4983,                0.47924,                0.42281,                0.17798,                 1.7272,                 2.0528,                 2.3774,              0.0011684,              0.0011684,              0.0011684
                     23,                 1.7793,                 2.0376,                 2.3099,                 0.5332,                0.45838,                 0.4435,                0.19007,                 1.7842,                 1.9907,                 2.4224,              0.0011288,              0.0011288,              0.0011288
                     24,                 1.7603,                 1.9916,                 2.2893,                0.53067,                0.48854,                0.45878,                 0.2039,                 1.7312,                 2.0462,                 2.3553,              0.0010892,              0.0010892,              0.0010892
                     25,                 1.7564,                 1.9868,                 2.2975,                0.54053,                0.50422,                0.47285,                0.21743,                 1.6571,                  1.872,                 2.3062,              0.0010496,              0.0010496,              0.0010496
                     26,                 1.7312,                 1.9543,                 2.2716,                0.53201,                0.45476,                0.47474,                0.23682,                 1.6998,                 1.9121,                 2.3411,                0.00101,                0.00101,                0.00101
                     27,                  1.729,                 1.9367,                 2.2521,                0.58448,                0.51749,                0.53396,                0.25768,                 1.6562,                 1.8055,                 2.2739,              0.0009704,              0.0009704,              0.0009704
                     28,                 1.6654,                 1.8842,                 2.2238,                0.57755,                 0.4813,                0.50838,                0.25723,                 1.6532,                 1.8137,                 2.2766,              0.0009308,              0.0009308,              0.0009308
                     29,                  1.645,                 1.8379,                 2.1948,                0.56526,                0.52352,                0.51426,                0.25085,                 1.6817,                 1.8465,                 2.3045,              0.0008912,              0.0008912,              0.0008912
                     30,                 1.6286,                 1.8521,                 2.1841,                0.54478,                0.53317,                0.54892,                0.28635,                 1.5704,                 1.7445,                 2.1956,              0.0008516,              0.0008516,              0.0008516
                     31,                 1.6189,                 1.8442,                 2.1644,                0.60351,                0.55006,                0.55262,                0.27424,                 1.6377,                 1.7905,                 2.2546,               0.000812,               0.000812,               0.000812
                     32,                 1.5913,                 1.7804,                 2.1361,                0.65997,                0.50302,                0.57928,                0.31459,                 1.5467,                 1.6758,                 2.1793,              0.0007724,              0.0007724,              0.0007724
                     33,                 1.6112,                 1.7792,                 2.1446,                0.65752,                0.54885,                 0.5812,                0.31328,                 1.5179,                 1.6975,                 2.1568,              0.0007328,              0.0007328,              0.0007328
                     34,                 1.5599,                 1.7507,                 2.0993,                0.64751,                0.55006,                0.57262,                0.31243,                 1.4997,                 1.6761,                 2.1373,              0.0006932,              0.0006932,              0.0006932
                     35,                 1.5643,                 1.7331,                 2.1023,                0.68261,                0.57594,                0.61551,                0.33673,                 1.4823,                  1.625,                 2.1271,              0.0006536,              0.0006536,              0.0006536
                     36,                 1.5201,                  1.687,                 2.0681,                0.68744,                0.53679,                0.61643,                0.34505,                 1.4484,                 1.5719,                 2.0789,               0.000614,               0.000614,               0.000614
                     37,                 1.5375,                 1.6976,                 2.0791,                0.68251,                0.55127,                0.62033,                0.35315,                 1.4304,                  1.583,                 2.0699,              0.0005744,              0.0005744,              0.0005744
                     38,                 1.5288,                 1.6833,                 2.0744,                0.71932,                0.56574,                0.63838,                0.36856,                 1.4413,                 1.5682,                 2.0628,              0.0005348,              0.0005348,              0.0005348
                     39,                 1.4829,                 1.6773,                 2.0539,                0.67086,                0.57177,                0.62764,                0.37572,                   1.42,                 1.5412,                 2.0527,              0.0004952,              0.0004952,              0.0004952
                     40,                 1.4672,                  1.827,                 2.1147,                0.65407,                 0.5702,                0.59853,                0.35177,                 1.4434,                 1.6258,                 2.0864,              0.0004556,              0.0004556,              0.0004556
                     41,                 1.4534,                 1.6853,                 2.0911,                0.71273,                0.58625,                0.64149,                0.36559,                 1.4081,                 1.6314,                 2.0231,               0.000416,               0.000416,               0.000416
                     42,                  1.423,                 1.6018,                 2.0687,                0.71772,                 0.5778,                0.64639,                0.36995,                 1.4325,                 1.5515,                 2.0281,              0.0003764,              0.0003764,              0.0003764
                     43,                 1.4262,                 1.6209,                 2.0992,                0.67461,                0.57019,                0.62028,                 0.3544,                 1.3967,                 1.5471,                 2.0184,              0.0003368,              0.0003368,              0.0003368
                     44,                 1.3839,                 1.5813,                 2.0029,                0.73826,                 0.5959,                0.69053,                0.41594,                 1.3546,                  1.433,                 1.9589,              0.0002972,              0.0002972,              0.0002972
                     45,                 1.3541,                 1.5391,                 1.9673,                0.71027,                0.60325,                0.67493,                0.40124,                 1.3932,                 1.4628,                  2.004,              0.0002576,              0.0002576,              0.0002576
                     46,                 1.3567,                 1.4954,                 1.9767,                0.73711,                0.62002,                0.70157,                 0.4334,                 1.3024,                 1.3918,                 1.9104,               0.000218,               0.000218,               0.000218
                     47,                 1.3283,                 1.5134,                 1.9709,                0.73833,                0.59831,                0.68887,                0.41947,                 1.3368,                  1.409,                   1.94,              0.0001784,              0.0001784,              0.0001784
                     48,                 1.3392,                 1.4933,                 1.9767,                0.73382,                0.60676,                0.69311,                0.42629,                 1.3486,                 1.3909,                 1.9297,              0.0001388,              0.0001388,              0.0001388
                     49,                 1.3257,                  1.481,                 1.9616,                 0.7466,                0.62002,                0.71553,                0.45552,                 1.2695,                 1.3417,                 1.8768,               9.92e-05,               9.92e-05,               9.92e-05
